CustomerKey,FirstName,LastName,Gender,DateFirstPurchase,CustomerCity
11000,Jon,Yang,Male,2018-01-19,Rockhampton
11001,Eugene,Huang,Male,2018-01-15,Seaford
11002,Ruben,Torres,Male,2018-01-07,Hobart
11003,Christy,Zhu,Female,2017-12-29,North Ryde
11004,Elizabeth,Johnson,Female,2018-01-23,Wollongong
11005,Julio,Ruiz,Male,2017-12-30,East Brisbane
11006,Janet,Alvarez,Female,2018-01-24,Matraville
11007,Marco,Mehta,Male,2018-01-09,Warrnambool
11008,Rob,Verhoff,Female,2018-01-25,Bendigo
11009,Shannon,Carlson,Male,2018-01-27,Hervey Bay
11010,Jacquelyn,Suarez,Female,2018-01-14,East Brisbane
11011,Curtis,Lu,Male,2017-12-30,East Brisbane
11012,Lauren,Walker,Female,2020-03-16,Bremerton
11013,Ian,Jenkins,Male,2020-04-13,Lebanon
11014,Sydney,Bennett,Female,2020-03-23,Redmond
11015,Chloe,Young,Female,2020-01-18,Burbank
11016,Wyatt,Hill,Male,2020-02-09,Imperial Beach
11017,Shannon,Wang,Female,2018-01-12,Sunbury
11018,Clarence,Rai,Male,2018-01-17,Bendigo
11019,Luke,Lal,Male,2020-02-12,Langley
11020,Jordan,King,Male,2019-12-29,Metchosin
11021,Destiny,Wilson,Female,2020-01-23,Beaverton
11022,Ethan,Zhang,Male,2020-01-20,Bellingham
11023,Seth,Edwards,Male,2020-02-17,Bellflower
11024,Russell,Xie,Male,2020-06-27,Concord
11025,Alejandro,Beck,Male,2018-01-06,Hawthorne
11026,Harold,Sai,Male,2018-01-23,Goulburn
11027,Jessie,Zhao,Male,2018-01-16,Warrnambool
11028,Jill,Jimenez,Female,2018-01-26,St. Leonards
11029,Jimmy,Moreno,Male,2018-01-19,Bendigo
11030,Bethany,Yuan,Female,2018-02-05,Cloverdale
11031,Theresa,Ramos,Female,2018-02-01,Matraville
11032,Denise,Stone,Female,2018-02-18,Melbourne
11033,Jaime,Nath,Male,2018-02-15,Milsons Point
11034,Ebony,Gonzalez,Female,2018-02-01,North Sydney
11035,Wendy,Dominguez,Female,2018-02-06,Cranbourne
11036,Jennifer,Russell,Female,2020-01-22,National City
11037,Chloe,Garcia,Female,2020-01-20,Cliffside
11038,Diana,Hernandez,Female,2018-02-07,Lavender Bay
11039,Marc,Martin,Male,2018-02-07,Wollongong
11040,Jesse,Murphy,Male,2020-04-03,Tacoma
11041,Amanda,Carter,Female,2020-01-14,Glendale
11042,Megan,Sanchez,Female,2020-01-21,Los Angeles
11043,Nathan,Simmons,Male,2020-05-08,Glendale
11044,Adam,Flores,Male,2018-02-28,Hervey Bay
11045,Leonard,Nara,Male,2020-04-10,Matraville
11046,Christine,Yuan,Female,2018-02-06,Lavender Bay
11047,Jaclyn,Lu,Female,2018-02-03,Geelong
11048,Jeremy,Powell,Male,2018-02-10,Sunbury
11049,Carol,Rai,Female,2020-03-09,Chula Vista
11050,Alan,Zheng,Male,2018-02-20,Hobart
11051,Daniel,Johnson,Male,2020-12-29,Caloundra
11052,Heidi,Lopez,Female,2018-02-17,Matraville
11053,Ana,Price,Female,2020-01-17,San Diego
11054,Deanna,Munoz,Female,2018-02-03,Geelong
11055,Gilbert,Raje,Male,2018-01-31,East Brisbane
11056,Michele,Nath,Female,2018-02-26,Newcastle
11057,Carl,Andersen,Male,2018-02-22,Lane Cove
11058,Marc,Diaz,Male,2018-03-09,Findon
11059,Ashlee,Andersen,Female,2020-02-18,Townsville
11060,Jon,Zhou,Male,2018-03-19,Warrnambool
11061,Todd,Gao,Male,2018-03-13,Gold Coast
11062,Noah,Powell,Male,2020-01-07,Portland
11063,Angela,Murphy,Female,2020-01-12,Redmond
11064,Chase,Reed,Male,2020-01-25,Downey
11065,Jessica,Henderson,Female,2020-02-10,La Jolla
11066,Grace,Butler,Female,2020-05-31,Lebanon
11067,Caleb,Carter,Male,2020-08-18,Port Orchard
11068,Tiffany,Liang,Female,2020-04-30,Warrnambool
11069,Carolyn,Navarro,Female,2018-04-17,Gold Coast
11070,Willie,Raji,Male,2018-04-28,Sunbury
11071,Linda,Serrano,Female,2020-03-01,Hawthorne
11072,Casey,Luo,Female,2018-03-31,St. Leonards
11073,Amy,Ye,Female,2020-03-23,Springwood
11074,Levi,Arun,Male,2020-03-23,Cloverdale
11075,Felicia,Jimenez,Female,2018-04-28,Bendigo
11076,Blake,Anderson,Male,2018-04-21,Wollongong
11077,Leah,Ye,Female,2018-04-15,Melton
11078,Gina,Martin,Female,2020-02-15,Cliffside
11079,Donald,Gonzalez,Male,2020-03-15,Geelong
11080,Damien,Chander,Male,2018-04-10,Perth
11081,Savannah,Baker,Female,2020-02-12,Concord
11082,Angela,Butler,Female,2020-01-22,Fremont
11083,Alyssa,Cox,Female,2020-01-06,Lincoln Acres
11084,Lucas,Phillips,Male,2020-01-04,Lebanon
11085,Emily,Johnson,Female,2020-12-06,Newport Beach
11086,Ryan,Brown,Male,2020-07-02,Santa Monica
11087,Tamara,Liang,Female,2020-02-25,Chula Vista
11088,Hunter,Davis,Male,2020-01-13,San Diego
11089,Abigail,Price,Female,2019-12-29,Long Beach
11090,Trevor,Bryant,Male,2018-08-07,Los Angeles
11091,Dalton,Perez,Male,2020-01-29,Haney
11092,Cheryl,Diaz,Female,2018-04-08,East Brisbane
11093,Aimee,He,Female,2018-04-07,Wollongong
11094,Cedric,Ma,Male,2020-04-07,Cranbourne
11095,Chad,Kumar,Male,2018-04-01,Port Macquarie
11096,Andrés,Anand,Male,2018-04-11,North Sydney
11097,Edwin,Nara,Male,2018-04-04,Warrnambool
11098,Mallory,Rubio,Female,2020-02-11,Rhodes
11099,Adam,Ross,Male,2018-04-07,Port Macquarie
11100,Latasha,Navarro,Female,2018-04-16,Cloverdale
11101,Abby,Sai,Female,2018-04-29,Cranbourne
11102,Julia,Nelson,Female,2020-07-16,Sydney
11103,Cassie,Chande,Female,2018-04-15,Darlinghurst
11104,Edgar,Sara,Male,2018-05-04,Gold Coast
11105,Candace,Fernandez,Female,2018-05-14,Matraville
11106,Jessie,Liu,Male,2018-05-18,Warrnambool
11107,Bianca,Lin,Female,2018-05-01,St. Leonards
11108,Kari,Alvarez,Female,2018-05-03,Port Macquarie
11109,Ruben,Kapoor,Male,2018-05-10,South Melbourne
11110,Curtis,Yang,Male,2018-05-01,Darlinghurst
11111,Meredith,Gutierrez,Female,2018-05-20,Geelong
11112,Crystal,Wang,Female,2018-05-25,Hervey Bay
11113,Micheal,Blanco,Male,2020-02-01,Perth
11114,Leslie,Moreno,Female,2020-03-18,Rhodes
11115,Alvin,Cai,Male,2020-02-10,St. Leonards
11116,Clinton,Carlson,Male,2020-03-15,Sydney
11117,April,Deng,Female,2018-05-06,Matraville
11118,Alvin,Zeng,Male,2020-07-10,Lavender Bay
11119,Evan,James,Male,2020-02-03,Port Macquarie
11120,Beth,Jiménez,Female,2018-05-14,Sydney
11121,Orlando,Suarez,Male,2020-06-24,Newcastle
11122,Byron,Vazquez,Male,2020-02-21,North Sydney
11123,Philip,Alvarez,Male,2020-04-17,Sunbury
11124,Ross,Jordan,Male,2018-05-05,Warrnambool
11125,Dana,Navarro,Female,2020-01-31,Seaford
11126,Shaun,Carson,Male,2018-05-28,North Ryde
11127,Jan,Edwards,Female,2020-04-10,San Gabriel
11128,Samantha,Long,Female,2020-06-19,Renton
11129,Julia,Wright,Female,2018-08-06,Sedro Woolley
11130,Caroline,Russell,Female,2020-12-09,Lebanon
11131,Amanda,Rivera,Female,2020-10-18,Haney
11132,Melissa,Richardson,Female,2020-04-09,Langford
11133,Angela,Griffin,Female,2020-12-30,Lake Oswego
11134,Larry,Townsend,Male,2018-05-03,Perth
11135,Marcus,Harris,Male,2020-04-18,Burlingame
11136,Brianna,Morgan,Female,2020-01-03,Metchosin
11137,Jasmine,Taylor,Female,2020-07-31,Spokane
11138,Lauren,Davis,Female,2020-09-19,Glendale
11139,Tanya,Moreno,Female,2020-09-14,Cloverdale
11140,Javier,Alvarez,Male,2020-03-19,Burbank
11141,Nicole,Ramirez,Female,2020-05-16,Daly City
11142,Eduardo,Patterson,Male,2020-02-13,Langford
11143,Jonathan,Henderson,Male,2020-06-15,Lakewood
11144,Edward,Hernandez,Male,2020-01-25,Ballard
11145,Jasmine,Coleman,Female,2020-01-25,Beaverton
11146,Karla,Goel,Female,2020-02-05,Matraville
11147,Ernest,Wu,Male,2018-05-13,Warrnambool
11148,Ross,Vazquez,Male,2020-03-07,East Brisbane
11149,Theodore,Gill,Male,2020-06-04,Hervey Bay
11150,Russell,Shen,Male,2020-03-27,Sunbury
11151,Melinda,Gill,Female,2018-05-15,Sydney
11152,James,Williams,Male,2020-01-09,Puyallup
11153,Angela,James,Female,2020-03-29,Renton
11154,Megan,Walker,Female,2020-01-10,Woodburn
11155,Hunter,Robinson,Male,2020-01-06,Burbank
11156,Maria,Roberts,Female,2020-01-08,Lakewood
11157,Hannah,Long,Female,2020-07-24,Tacoma
11158,Jason,Wright,Male,2020-01-19,San Gabriel
11159,Brianna,Hughes,Female,2020-09-08,Woodland Hills
11160,Maurice,Tang,Male,2020-02-21,Concord
11161,Emily,Wood,Female,2020-06-01,Concord
11162,Chase,Cox,Male,2020-02-18,La Jolla
11163,Gabriel,Wang,Male,2020-05-01,Spring Valley
11164,Devin,Brooks,Male,2020-04-27,Torrance
11165,Jocelyn,Alexander,Female,2020-05-25,Oakland
11166,Ashley,Martinez,Female,2020-10-14,Olympia
11167,Jasmine,Barnes,Female,2020-01-07,Issaquah
11168,David,Rodriguez,Male,2020-01-15,Oakland
11169,Bryce,Richardson,Male,2020-05-26,Coronado
11170,Carol,Howard,Female,2020-08-26,Burien
11171,Jonathan,Hill,Male,2018-08-20,Woodland Hills
11172,Gabrielle,Adams,Female,2020-05-03,Lynnwood
11173,Sarah,Thomas,Female,2020-03-02,W. Linn
11174,Nicholas,Robinson,Male,2020-07-13,Los Angeles
11175,Luis,Wang,Male,2018-08-28,Beverly Hills
11176,Mason,Roberts,Male,2020-02-02,Haney
11177,Jose,Flores,Male,2020-03-29,San Diego
11178,Nathan,Johnson,Male,2020-02-21,Lakewood
11179,Molly,Rodriguez,Female,2020-03-12,Beverly Hills
11180,April,Anand,Female,2020-03-17,Chula Vista
11181,Devin,Martin,Male,2020-05-07,Los Angeles
11182,Stephanie,Torres,Female,2020-08-28,Sedro Woolley
11183,Jasmine,Lee,Female,2020-04-30,Santa Cruz
11184,Meghan,Hernandez,Female,2020-08-10,Concord
11185,Ashley,Henderson,Female,2020-02-21,Metchosin
11186,Sarah,Price,Female,2020-10-18,Palo Alto
11187,Jennifer,Cooper,Female,2020-04-03,Burien
11188,Catherine,Morris,Female,2020-11-01,San Gabriel
11189,Lawrence,Blanco,Male,2018-08-26,Bellingham
11190,Carson,Bryant,Male,2020-08-28,Beverly Hills
11191,Kristi,Perez,Female,2018-08-11,Colma
11192,James,Brown,Male,2020-06-23,Seattle
11193,Ian,Gray,Male,2020-02-25,Woodburn
11194,Jacqueline,Price,Female,2020-03-13,Palo Alto
11195,Megan,Henderson,Female,2020-04-14,Renton
11196,Alfredo,Romero,Male,2020-03-03,Beaverton
11197,Andrea,Morris,Female,2020-05-02,Seattle
11198,Brooke,Sanders,Female,2020-02-05,Santa Cruz
11199,Jacqueline,Bennett,Female,2020-03-18,Burlingame
11200,Jason,Griffin,Male,2020-02-07,Victoria
11201,Amanda,Foster,Female,2020-07-01,Santa Monica
11202,Alexia,Price,Female,2020-09-15,Lakewood
11203,Luis,Diaz,Male,2020-02-20,Port Hammond
11204,Destiny,Rivera,Female,2020-08-09,Beaverton
11205,Abby,Fernandez,Female,2020-07-27,Burien
11206,Blake,Flores,Male,2020-05-11,Lynnwood
11207,Danielle,Cox,Female,2020-01-31,Renton
11208,Maria,Reed,Female,2020-03-04,Glendale
11209,Allison,Evans,Female,2020-03-25,Lincoln Acres
11210,Edward,Wood,Male,2020-05-06,West Covina
11211,Samantha,Russell,Female,2020-02-01,Haney
11212,Chloe,Campbell,Female,2020-01-30,Metchosin
11213,Stephanie,Murphy,Female,2020-03-28,Edmonds
11214,Charles,Miller,Male,2020-08-14,Milwaukie
11215,Ana,Perry,Female,2020-02-15,Royal Oak
11216,Jasmine,Torres,Female,2018-08-15,Portland
11217,Natalie,Adams,Female,2018-08-10,Portland
11218,Olivia,Brown,Female,2020-02-28,Tacoma
11219,Charles,Cook,Male,2020-10-29,Woodburn
11220,Erica,Huang,Female,2020-03-14,Colma
11221,Nathan,Perry,Male,2020-04-07,Lakewood
11222,Alexandra,Rivera,Female,2020-11-01,Santa Monica
11223,Hailey,Patterson,Female,2020-01-29,Langley
11224,Tiffany,Li,Female,2018-08-07,Burien
11225,Madison,Lee,Female,2020-06-22,Renton
11226,Sydney,Ross,Female,2020-02-21,W. Linn
11227,Marshall,Chavez,Male,2018-08-03,Colma
11228,Ashley,Jones,Female,2020-10-25,El Cajon
11229,Adrian,Stewart,Male,2020-07-27,Redwood City
11230,Amber,Turner,Female,2020-07-16,Santa Monica
11231,Dennis,Zhang,Male,2020-02-10,Bremerton
11232,Hailey,Bryant,Female,2020-09-20,Everett
11233,Todd,Li,Male,2020-02-08,Berkeley
11234,Anna,Griffin,Female,2020-02-08,Long Beach
11235,Angel,Stewart,Male,2020-07-04,Ballard
11236,Jeremy,Butler,Male,2020-10-03,Bellingham
11237,Clarence,Anand,Male,2018-09-05,Solingen
11238,Mayra,Prasad,Female,2018-01-06,Birmingham
11239,Latoya,Goel,Female,2018-01-19,London
11240,Anne,Hernandez,Female,2018-02-27,Watford
11241,Lisa,Cai,Female,2019-09-10,Les Ulis
11242,Larry,Munoz,Male,2019-09-19,Versailles
11243,Robin,Alvarez,Female,2018-02-21,Esher-Molesey
11244,Alexis,Coleman,Female,2018-02-12,Runcorn
11245,Ricky,Vazquez,Male,2018-09-26,Hamburg
11246,Latasha,Rubio,Female,2018-10-03,Hamburg
11247,Claudia,Zhou,Female,2018-02-18,Lancaster
11248,Tristan,Alexander,Male,2020-07-14,Saint-Denis
11249,Cindy,Patel,Female,2018-10-09,Sulzbach Taunus
11250,Shannon,Liu,Female,2018-03-17,Woolston
11251,Xavier,Long,Male,2020-10-18,Haney
11252,Nicholas,Thompson,Male,2018-08-14,Lemon Grove
11253,José,Hernandez,Male,2020-03-01,Victoria
11254,Johnathan,Vance,Male,2020-11-23,Burien
11255,Colin,Lin,Male,2020-02-23,Burien
11256,Katelyn,Hernandez,Female,2020-04-15,Lynnwood
11257,Jacqueline,Powell,Female,2018-08-24,Newport Beach
11258,Xavier,Hill,Male,2020-05-21,Palo Alto
11259,Victoria,Stewart,Female,2018-09-04,Salem
11260,Katelyn,Kelly,Female,2020-02-05,Burlingame
11261,Stephanie,Collins,Female,2018-09-27,San Diego
11262,Jennifer,Simmons,Female,2020-02-27,Port Hammond
11263,Trinity,Richardson,Female,2018-08-29,Burien
11264,Eduardo,Martin,Male,2020-01-02,Issaquah
11265,Elizabeth,Jones,Female,2020-01-03,Kirkland
11266,Taylor,Howard,Female,2018-09-10,Port Orchard
11267,David,Diaz,Male,2018-09-17,Burlingame
11268,Katelyn,Carter,Female,2020-05-29,Coronado
11269,Ryan,Foster,Male,2020-08-22,Daly City
11270,Robert,Lee,Male,2018-09-10,Lakewood
11271,Danielle,Reed,Female,2018-09-27,San Francisco
11272,Lauren,Martinez,Female,2018-09-19,Beverly Hills
11273,Nathan,Lal,Male,2020-05-14,La Jolla
11274,Kyle,Foster,Male,2018-08-29,Bellingham
11275,Jenny,Rai,Female,2018-08-30,Colma
11276,Nancy,Chapman,Female,2020-01-29,Cliffside
11277,Charles,Jackson,Male,2020-02-02,Royal Oak
11278,Jonathan,Phillips,Male,2018-09-16,Edmonds
11279,Amanda,Cook,Female,2020-03-03,Everett
11280,Robert,Collins,Male,2020-07-01,Lynnwood
11281,Megan,Barnes,Female,2018-09-13,Burbank
11282,Christian,Thomas,Male,2018-08-31,Burien
11283,Arturo,Lal,Male,2020-05-29,Berkeley
11284,Theresa,Serrano,Female,2020-02-06,Chula Vista
11285,Jeremy,Anderson,Male,2020-07-27,Fremont
11286,Hunter,Griffin,Male,2018-09-21,Torrance
11287,Henry,Garcia,Male,2020-01-29,Cliffside
11288,Cindy,Sanchez,Female,2020-03-05,Burbank
11289,Maria,Carter,Female,2018-09-08,Downey
11290,Katelyn,Sanchez,Female,2018-09-20,Lakewood
11291,Jenna,Wright,Female,2018-09-04,Lemon Grove
11292,Seth,Phillips,Male,2018-09-15,San Gabriel
11293,Luke,Long,Male,2020-02-24,Port Orchard
11294,Dalton,Clark,Male,2020-09-25,Issaquah
11295,Taylor,Lewis,Female,2018-09-25,Concord
11296,Haley,Richardson,Female,2018-09-01,Everett
11297,Noah,Coleman,Male,2018-09-26,Burbank
11298,Jon,Luo,Male,2018-09-12,Chula Vista
11299,Orlando,Vazquez,Male,2018-09-26,Burbank
11300,Fernando,Barnes,Male,2020-01-31,N. Vancouver
11301,Cameron,Rodriguez,Male,2020-06-09,Ballard
11302,Spencer,Russell,Male,2018-09-06,Corvallis
11303,Julia,Coleman,Female,2018-09-02,Edmonds
11304,Julia,Garcia,Female,2020-03-20,Portland
11305,Sean,Evans,Male,2020-03-25,Chula Vista
11306,Micah,Zhou,Male,2020-06-30,Coronado
11307,Hunter,Rodriguez,Male,2018-09-04,Daly City
11308,Ian,Gonzales,Male,2020-09-07,Oregon City
11309,Victoria,Lewis,Female,2020-07-09,Beaverton
11310,Erin,Sanders,Female,2020-08-12,San Francisco
11311,Gabrielle,Lopez,Female,2020-04-18,Lynnwood
11312,Sara,Richardson,Female,2020-05-17,Lynnwood
11313,Trevor,Jenkins,Male,2020-05-07,Port Orchard
11314,Mya,Flores,Female,2020-02-25,Issaquah
11315,Hailey,Ward,Female,2020-05-20,Port Orchard
11316,Luke,Allen,Male,2020-01-12,Langford
11317,Victoria,Russell,Female,2018-09-01,Salem
11318,Jessica,Wilson,Female,2020-10-17,Edmonds
11319,Jade,Bailey,Female,2018-09-09,Oakland
11320,Morgan,Hill,Female,2020-06-15,Glendale
11321,Terrance,Raman,Male,2020-02-23,Burien
11322,Sydney,Garcia,Female,2020-03-24,Bremerton
11323,Jose,Patterson,Male,2018-09-10,Daly City
11324,Zachary,Anderson,Male,2018-09-26,Glendale
11325,Elijah,Ross,Male,2018-09-19,Seattle
11326,Rafael,Xie,Male,2018-09-15,Beverly Hills
11327,Jaime,Moreno,Male,2018-09-26,Burbank
11328,Julian,Griffin,Male,2020-01-05,Newton
11329,Andy,Alvarez,Male,2018-09-25,Concord
11330,Ryan,Thompson,Male,2020-02-12,Oak Bay
11331,Samantha,Jenkins,Female,2020-02-07,Shawnee
11332,Deanna,Ramos,Female,2018-10-15,Berlin
11333,Emily,Miller,Female,2018-03-21,Newcastle upon Tyne
11334,Nicole,Brown,Female,2018-03-04,Stoke-on-Trent
11335,Carla,Raman,Female,2018-10-23,Hof
11336,Shaun,Raji,Male,2019-09-27,Paris
11337,Jerome,Romero,Male,2018-03-09,Watford
11338,Frank,Navarro,Male,2018-10-11,Bonn
11339,Dennis,She,Male,2019-10-07,Paris
11340,Melody,Munoz,Female,2019-10-27,Paris
11341,Randy,Zeng,Male,2018-04-11,Cheltenham
11342,Marshall,Wang,Male,2020-07-12,Boulogne-sur-Mer
11343,Arthur,Carlson,Male,2018-04-04,Oxon
11344,Jessie,Jimenez,Female,2018-05-13,Oxford
11345,Robin,Ramos,Female,2019-10-22,Tremblay-en-France
11346,Deanna,Gutierrez,Female,2019-10-01,Paris
11347,Roy,Navarro,Male,2020-03-16,Braunschweig
11348,Shawn,Rai,Male,2020-03-31,Paderborn
11349,Mindy,Luo,Female,2021-01-13,München
11350,Cara,Zhou,Female,2020-02-05,Peterborough
11351,Anne,Ramos,Female,2018-06-12,London
11352,Raymond,Rodriguez,Male,2020-05-01,Pantin
11353,Carrie,Ortega,Female,2018-06-12,Warrington
11354,Deanna,Suarez,Female,2020-12-03,Grevenbroich
11355,Roberto,Gutierrez,Male,2020-09-26,Wokingham
11356,Terrence,Carson,Male,2018-05-10,Lavender Bay
11357,Ramon,Ye,Male,2018-06-18,Caloundra
11358,Cynthia,Malhotra,Female,2018-06-28,Coffs Harbour
11359,Jarrod,Prasad,Male,2018-06-13,Malabar
11360,Tyrone,Serrano,Male,2018-06-27,Rockhampton
11361,Cindy,Ramos,Female,2020-10-01,Newcastle
11362,Damien,Shan,Male,2020-03-29,Cranbourne
11363,Julian,Ross,Male,2018-06-08,Melbourne
11364,Jennifer,Collins,Female,2018-06-07,Geelong
11365,Brittney,Sun,Female,2018-05-31,Findon
11366,Virginia,Patel,Female,2020-06-24,Seaford
11367,Calvin,Nara,Male,2020-07-07,North Sydney
11368,Edward,Miller,Male,2018-06-24,Rockhampton
11369,Ashlee,Tang,Female,2020-07-05,Findon
11370,Alicia,Xu,Female,2020-07-13,South Melbourne
11371,Lacey,Jai,Female,2020-11-07,Rockhampton
11372,Wendy,Romero,Female,2018-06-07,Brisbane
11373,Carly,Luo,Female,2020-08-27,Salzgitter
11374,Jimmy,Ortega,Male,2020-04-15,Werne
11375,Francisco,Martinez,Male,2020-10-17,High Wycombe
11376,Lance,Vazquez,Male,2020-10-15,Liverpool
11377,David,Robinett,Male,2020-02-28,Solingen
11378,Shannon,Liang,Female,2019-10-17,Metz
11379,Gary,Vazquez,Male,2019-10-02,Boulogne-Billancourt
11380,Mitchell,Kumar,Male,2018-10-11,Saarlouis
11381,Meredith,Raman,Female,2018-06-12,London
11382,Edward,Patterson,Male,2019-11-03,Roubaix
11383,Marie,Gill,Female,2021-01-01,Roissy en Brie
11384,Tiffany,Wang,Female,2020-08-02,Les Ulis
11385,Miguel,Allen,Male,2020-07-06,York
11386,Jaclyn,Cai,Female,2020-11-02,Darmstadt
11387,Megan,Ramirez,Female,2018-07-26,Gateshead
11388,Joseph,Martin,Male,2018-07-03,York
11389,Karl,Shan,Male,2020-11-17,Duesseldorf
11390,Christine,Raji,Female,2020-11-07,Saint Germain en Laye
11391,Lindsay,Xie,Female,2020-10-26,Salzgitter
11392,Willie,Zhao,Male,2020-03-29,Frankfurt
11393,Kurt,Pal,Male,2020-07-16,Saint Ouen
11394,George,McDonald,Male,2018-07-04,Milton Keynes
11395,Beth,Gutierrez,Female,2018-11-14,Frankfurt
11396,Ian,Lopez,Male,2020-10-26,Saarlouis
11397,Latoya,Shan,Female,2020-07-07,Paris
11398,Colin,Nath,Male,2018-07-03,Newcastle upon Tyne
11399,Brenda,Mehta,Female,2020-04-13,Paris
11400,Franklin,Raji,Male,2018-07-15,London
11401,Linda,Navarro,Female,2019-10-28,Paris
11402,Kelli,Cai,Female,2019-11-07,Orleans
11403,Nancy,Schmidt,Female,2019-10-28,Saint Ouen
11404,Megan,Taylor,Female,2020-02-10,Kassel
11405,Bonnie,Goel,Female,2020-03-31,Bonn
11406,Latoya,Xu,Female,2019-11-04,Paris
11407,Mario,She,Male,2020-06-23,Münster
11408,Darren,Gill,Male,2020-03-05,London
11409,Jacqueline,Hayes,Female,2019-11-17,Saint Germain en Laye
11410,Maurice,Goel,Male,2019-11-13,Paris
11411,Devin,Ross,Male,2020-08-04,Ingolstadt
11412,Sydney,Bryant,Female,2018-11-05,Ingolstadt
11413,Megan,Stewart,Female,2018-08-10,Gateshead
11414,Ian,Richardson,Male,2018-08-13,Kirkby
11415,Randy,She,Male,2020-08-16,Darmstadt
11416,Katrina,Becker,Female,2019-11-07,Croix
11417,Lacey,Zheng,Female,2019-11-04,Pantin
11418,Rafael,Hu,Male,2020-12-17,Paderborn
11419,Kyle,Scott,Male,2020-03-12,Watford
11420,Jordan,Turner,Male,2019-11-01,Roubaix
11421,Amy,Sun,Female,2018-11-03,Offenbach
11422,Dustin,Deng,Male,2018-08-22,Liverpool
11423,Jasmine,Stewart,Female,2018-12-10,Hamburg
11424,Pamela,Garcia,Female,2020-04-21,Berlin
11425,Ariana,Gray,Female,2019-11-22,Metz
11426,Kristopher,Mehta,Male,2020-04-09,Braunschweig
11427,Desiree,Dominguez,Female,2018-12-20,Kiel
11428,Deanna,Perez,Female,2018-12-05,Poing
11429,Marco,Lopez,Male,2019-12-14,Sèvres
11430,Casey,Yuan,Female,2020-03-19,Bottrop
11431,Bryant,Garcia,Male,2018-12-21,Hof
11432,Dominique,Prasad,Female,2019-12-10,Roissy en Brie
11433,Maurice,Shan,Male,2019-12-02,Tremblay-en-France
11434,Andre,Lopez,Male,2020-06-15,West Sussex
11435,Robin,Romero,Female,2021-01-04,Kiel
11436,Taylor,Cox,Female,2020-05-22,Watford
11437,Alfredo,Moreno,Male,2020-12-19,Villeneuve-d'Ascq
11438,Jenny,Nara,Female,2020-02-05,Werne
11439,Janet,Munoz,Female,2019-11-29,Paris La Defense
11440,Sergio,Weber,Male,2020-03-27,Lille
11441,Erika,Gomez,Female,2021-01-08,Paris
11442,Joseph,Harris,Male,2020-09-29,Tremblay-en-France
11443,Grace,Griffin,Female,2018-06-07,Hobart
11444,Tina,Mehta,Female,2018-06-01,Bendigo
11445,Kari,Kim,Female,2018-06-06,Silverwater
11446,Bethany,Chander,Female,2018-06-18,Lane Cove
11447,Jennifer,Roberts,Female,2018-06-28,Hervey Bay
11448,Kyle,Patterson,Male,2018-06-16,Melbourne
11449,Alvin,Hu,Male,2018-06-19,Seaford
11450,Brett,Mehta,Male,2018-06-29,Cloverdale
11451,Ruben,Muñoz,Male,2018-07-29,Newcastle
11452,Erika,Rubio,Female,2018-07-11,Caloundra
11453,Stanley,Malhotra,Male,2018-07-15,Hobart
11454,Melinda,Navarro,Female,2018-07-31,Melbourne
11455,Ross,Sanz,Male,2018-07-01,Melton
11456,Jon,Gao,Male,2018-07-17,St. Leonards
11457,Jaime,Gutierrez,Female,2018-07-17,Wollongong
11458,Bianca,Liu,Female,2020-03-30,Springwood
11459,Tasha,Deng,Female,2018-07-27,Port Macquarie
11460,Melvin,Chande,Male,2018-07-21,Cranbourne
11461,Victor,Jimenez,Male,2018-07-31,Lavender Bay
11462,Laura,Lin,Female,2018-07-16,Matraville
11463,Alisha,Beck,Female,2020-03-05,Cloverdale
11464,Alejandro,Huang,Male,2018-07-22,South Melbourne
11465,Louis,Luo,Male,2018-07-14,Gold Coast
11466,Grant,Tang,Male,2020-05-22,Lavender Bay
11467,Arturo,Zheng,Male,2020-07-31,St. Leonards
11468,Jaclyn,Andersen,Female,2018-08-08,York
11469,Edwin,Raji,Male,2020-08-09,York
11470,Jay,Suarez,Male,2019-01-22,Stuttgart
11471,Latasha,Suarez,Female,2020-05-17,Chatou
11472,Kenneth,Kumar,Male,2018-07-26,Hawthorne
11473,Grace,Henderson,Female,2020-06-02,Drancy
11474,Melvin,Xu,Male,2020-09-26,Peterborough
11475,Cesar,Subram,Male,2020-04-23,London
11476,Erika,Navarro,Female,2020-11-01,Kirkby
11477,Tristan,Hughes,Male,2020-09-25,Darmstadt
11478,Billy,Hernandez,Male,2020-04-19,Sèvres
11479,Darryl,Wu,Male,2019-12-05,Saint Ouen
11480,Colleen,Ma,Female,2019-12-25,Tremblay-en-France
11481,Erica,Hu,Female,2019-01-27,Braunschweig
11482,Adrienne,Torres,Female,2018-09-08,Warrington
11483,Calvin,Chande,Male,2019-12-22,Paris
11484,Erick,Sai,Male,2019-01-02,Neunkirchen
11485,Donald,Chandra,Male,2018-09-14,Esher-Molesey
11486,Ariana,Rogers,Female,2020-11-24,Erlangen
11487,Morgan,Jones,Female,2020-12-15,Dunkerque
11488,Jermaine,Lopez,Male,2018-10-28,London
11489,Deborah,Goel,Female,2018-10-28,Oxford
11490,Danny,Rubio,Male,2020-04-04,Paris La Defense
11491,Andre,Perez,Male,2018-11-07,London
11492,Terrence,Chander,Male,2019-02-11,Eilenburg
11493,Dawn,Wu,Female,2018-11-14,London
11494,Jimmy,Gutierrez,Male,2018-12-23,Runcorn
11495,Francis,Jimenez,Male,2020-10-26,Bonn
11496,Gary,Ortega,Male,2018-11-30,Warrington
11497,Katrina,Nath,Female,2020-11-04,Newcastle upon Tyne
11498,Arturo,Sun,Male,2020-02-28,Cliffside
11499,Pedro,Vance,Male,2020-04-06,Concord
11500,Sarah,Simmons,Female,2020-01-31,Langley
11501,Brandy,Chandra,Female,2020-03-27,Cliffside
11502,Jared,Peterson,Male,2020-01-30,Shawnee
11503,Dennis,Wu,Male,2020-05-26,Coronado
11504,Jordan,Baker,Female,2020-05-01,Downey
11505,Jasmine,Powell,Female,2020-02-22,Burnaby
11506,Nicholas,Brown,Male,2020-03-08,Port Hammond
11507,Isabella,Russell,Female,2020-02-17,Victoria
11508,Elizabeth,Wilson,Female,2020-05-02,Lynnwood
11509,Roger,Harui,Female,2020-07-29,Novato
11510,Seth,Roberts,Male,2020-03-12,N. Vancouver
11511,Caleb,Perry,Male,2020-03-13,Lebanon
11512,Natalie,Campbell,Female,2020-12-28,Oak Bay
11513,Alyssa,Howard,Female,2020-06-08,Royal Oak
11514,Dalton,Diaz,Male,2020-06-24,Tacoma
11515,Shannon,Huang,Female,2018-08-31,Burbank
11516,Mya,Gonzales,Female,2018-09-15,Colma
11517,Katherine,Bryant,Female,2020-06-26,Redwood City
11518,Edward,Washington,Male,2020-10-27,Milwaukie
11519,Jerome,Navarro,Male,2020-03-13,Cliffside
11520,Jada,Morgan,Female,2020-02-22,Port Hammond
11521,Ariana,Peterson,Female,2020-03-05,Walla Walla
11522,Christian,Hughes,Male,2018-09-03,Oregon City
11523,Lucas,Taylor,Male,2020-02-15,N. Vancouver
11524,Alyssa,Jackson,Female,2020-08-28,Torrance
11525,Ariana,Cook,Female,2018-09-06,Lebanon
11526,Katherine,Diaz,Female,2020-02-03,Westminster
11527,Jenna,Green,Female,2020-02-07,San Gabriel
11528,Joan,Washington,Female,2018-09-12,Glendale
11529,Austin,Bryant,Male,2018-09-24,Portland
11530,Andrew,Martinez,Male,2020-01-28,N. Vancouver
11531,Nina,Yuan,Female,2018-08-30,Beverly Hills
11532,Lauren,Miller,Female,2020-04-05,Redmond
11533,Ebony,Gill,Female,2020-05-14,Birmingham
11534,Cameron,Lewis,Male,2018-09-18,Long Beach
11535,Devin,Nelson,Male,2018-09-02,Lebanon
11536,Logan,Chow,Male,2018-09-24,Fremont
11537,Dakota,Ross,Male,2018-09-21,Colma
11538,Nicole,Taylor,Female,2018-09-16,Palo Alto
11539,Justin,Washington,Male,2018-09-23,Concord
11540,Alberto,Navarro,Male,2018-09-13,Coronado
11541,Aidan,Ross,Male,2018-09-12,Portland
11542,Alejandro,Tang,Male,2020-05-11,York
11543,Sheena,Chande,Female,2020-12-21,Paris
11544,Joel,Garcia,Male,2020-08-28,Darmstadt
11545,Reginald,Dominguez,Male,2020-07-13,Paris
11546,Christine,Chande,Female,2019-12-02,Roubaix
11547,Cindy,Sai,Female,2019-12-25,Paris
11548,Raymond,Sanchez,Male,2018-12-02,Berkshire
11549,Crystal,Liang,Female,2018-12-21,London
11550,Deb,Torres,Female,2019-01-20,Oxford
11551,Shannon,Alvarez,Male,2020-03-01,Colombes
11552,Eddie,Rubio,Male,2021-01-06,Salzgitter
11553,Sharon,Luo,Female,2020-08-22,Reading
11554,Sydney,Simmons,Female,2020-05-08,Tremblay-en-France
11555,Alexandria,Henderson,Female,2020-05-08,Esher-Molesey
11556,Lucas,Evans,Male,2020-12-21,Warrington
11557,Felicia,Ramos,Female,2020-08-08,York
11558,Ivan,Malhotra,Male,2020-11-30,Woolston
11559,Frederick,Subram,Male,2020-11-29,Solingen
11560,Whitney,Srini,Female,2020-12-03,London
11561,Briana,Dominguez,Female,2019-02-19,München
11562,Jarrod,Gonzalez,Male,2020-06-26,Leipzig
11563,Cesar,Srini,Male,2020-07-05,London
11564,Jorge,Liang,Male,2019-02-16,Frankfurt am Main
11565,Erik,Diaz,Male,2020-09-08,Berks
11566,April,Shan,Female,2020-01-28,Cergy
11567,Carla,Perez,Female,2020-03-15,Berlin
11568,Alexia,Foster,Female,2019-01-10,Cheltenham
11569,Troy,Malhotra,Male,2020-11-20,West Sussex
11570,Kristin,Andersen,Female,2019-03-25,Berlin
11571,Joel,Sai,Male,2019-12-12,Orleans
11572,Billy,Moreno,Male,2019-12-09,Dunkerque
11573,Meagan,Subram,Female,2020-07-27,Woolston
11574,Karla,Luo,Female,2020-03-15,West Sussex
11575,Jackson,Campbell,Male,2019-01-20,Leeds
11576,Micah,Zhu,Male,2019-12-15,Croix
11577,Janet,Serrano,Female,2019-12-21,Paris
11578,Trisha,Huang,Female,2019-11-29,Pantin
11579,Clayton,Beck,Male,2020-07-31,Warrington
11580,Melvin,Raje,Male,2020-04-16,Berkshire
11581,Cindy,Jordan,Female,2020-02-11,Paris
11582,Claudia,Ma,Female,2019-12-07,Pantin
11583,Karla,Xu,Female,2019-12-21,Chatou
11584,Devin,Carter,Male,2020-09-16,Neunkirchen
11585,Kari,Perez,Female,2021-01-10,Billericay
11586,Alberto,Romero,Male,2020-10-28,York
11587,Kevin,Bryant,Male,2019-11-29,Metz
11588,Candace,Mehta,Female,2019-11-29,Saint-Denis
11589,Ebony,Malhotra,Female,2020-06-04,London
11590,Erika,Diaz,Female,2019-12-01,Drancy
11591,Stacey,Lu,Female,2018-01-11,Versailles
11592,Darrell,Raji,Male,2018-01-11,Paris
11593,Armando,Moreno,Male,2018-01-21,Orleans
11594,Corey,Goel,Male,2020-08-17,Verrieres Le Buisson
11595,Sebastian,Howard,Male,2020-12-30,Erlangen
11596,Roger,Raje,Male,2020-10-01,Runcorn
11597,Janelle,Chandra,Female,2021-01-05,Orly
11598,Meredith,Ruiz,Female,2019-03-11,Saarbrücken
11599,Melody,Diaz,Female,2018-01-18,Les Ulis
11600,Linda,Rubio,Female,2020-05-06,Sèvres
11601,Ivan,Raman,Male,2018-01-19,Versailles
11602,Larry,Gill,Male,2020-07-10,Salzgitter
11603,Geoffrey,Gonzalez,Male,2019-01-18,London
11604,Edgar,Sanchez,Male,2019-01-03,Wokingham
11605,Heidi,Subram,Female,2019-03-08,Stuttgart
11606,Melody,Ramos,Female,2018-01-08,Morangis
11607,Clinton,Moreno,Male,2018-01-19,Paris
11608,Cesar,Madan,Male,2020-12-13,Paris La Defense
11609,Eugene,Ye,Male,2019-01-28,York
11610,Blake,Collins,Male,2019-01-10,Stoke-on-Trent
11611,Ernest,Lin,Male,2018-01-23,Orleans
11612,Keith,Andersen,Male,2019-02-02,Berkshire
11613,Meredith,Prasad,Female,2019-05-13,Leipzig
11614,Katrina,Sharma,Female,2019-05-10,Offenbach
11615,Dwayne,Navarro,Male,2019-02-22,Lancaster
11616,Casey,Nath,Female,2019-02-03,Milton Keynes
11617,Sean,Brooks,Male,2018-09-10,Grossmont
11618,Brian,Ramirez,Male,2020-02-09,Cliffside
11619,Sierra,Young,Female,2020-02-08,Victoria
11620,Megan,Rodriguez,Female,2020-02-08,Bellingham
11621,Leah,She,Female,2020-08-01,Bremerton
11622,Gabriel,Allen,Male,2020-04-08,Kirkland
11623,Angela,Perry,Female,2018-09-07,Fremont
11624,Ryan,Smith,Male,2018-09-21,Mill Valley
11625,Zachary,Moore,Male,2018-09-24,Palo Alto
11626,Destiny,Rogers,Female,2018-09-01,San Francisco
11627,Dalton,Gray,Male,2020-08-27,Spring Valley
11628,Mariah,Wood,Female,2018-09-12,Bellflower
11629,Isaiah,Wright,Male,2018-09-25,Newport Beach
11630,Haley,Powell,Female,2018-09-21,Seattle
11631,Antonio,Bennett,Male,2020-02-07,Langley
11632,Alexandra,Jenkins,Female,2020-01-30,Langford
11633,Thomas,Anderson,Male,2020-11-13,Burien
11634,Samuel,Collins,Male,2020-03-11,Puyallup
11635,Darrell,Chande,Male,2020-02-08,Beverly Hills
11636,Kimberly,Cox,Female,2020-09-11,Daly City
11637,Morgan,Hernandez,Female,2020-02-08,Los Angeles
11638,Antonio,Powell,Male,2020-10-19,Mill Valley
11639,Angelica,Perry,Female,2020-11-09,Mill Valley
11640,Chloe,Wilson,Female,2020-03-15,Langford
11641,James,Chen,Male,2020-01-30,Cliffside
11642,Morgan,Hughes,Female,2020-02-09,Oak Bay
11643,Naomi,Munoz,Female,2020-04-21,Burien
11644,Charles,Torres,Male,2020-05-17,Redmond
11645,Gabriella,Turner,Female,2020-11-10,Salem
11646,Anna,Foster,Female,2020-07-15,Burien
11647,Randy,Wu,Male,2020-02-15,Cliffside
11648,Kevin,Scott,Male,2020-08-28,Chula Vista
11649,Ian,White,Male,2020-04-05,Newport Beach
11650,Caleb,Hayes,Male,2020-02-15,Glendale
11651,Patricia,Garcia,Female,2020-03-04,Cliffside
11652,Samuel,Russell,Male,2020-06-26,Vancouver
11653,Sydney,Peterson,Female,2020-04-16,Lebanon
11654,Ariana,Sanchez,Female,2018-10-18,Bellflower
11655,Tamara,Sharma,Female,2020-09-29,Concord
11656,Katelyn,Perez,Female,2020-09-11,Imperial Beach
11657,Megan,Cox,Female,2020-05-25,Novato
11658,Robert,Mitchell,Male,2020-04-23,Oakland
11659,Miguel,Adams,Male,2020-05-09,Sooke
11660,Miranda,Gonzales,Female,2020-05-08,Port Hammond
11661,Jeremiah,James,Male,2020-04-06,Cliffside
11662,Ethan,Kumar,Male,2020-05-06,Milwaukie
11663,Seth,Williams,Male,2018-10-28,Walla Walla
11664,Alyssa,Morgan,Female,2018-10-27,Burlingame
11665,Janet,Dominguez,Female,2018-10-13,Chula Vista
11666,Angel,Baker,Male,2018-10-17,Torrance
11667,Blake,Moore,Male,2020-07-04,Walla Walla
11668,Jada,Collins,Female,2020-12-16,Beverly Hills
11669,Isabella,Simmons,Female,2020-08-18,Tacoma
11670,Jacqueline,Perry,Female,2020-04-13,Grossmont
11671,Jessica,Brown,Female,2018-10-21,El Cajon
11672,Chad,Jai,Male,2020-07-25,Beverly Hills
11673,Susan,Ye,Female,2020-01-30,Burien
11674,Morgan,Rogers,Female,2020-05-30,Woodland Hills
11675,Devin,Martinez,Male,2018-10-25,Everett
11676,Alan,Hu,Male,2020-08-20,Branch
11677,Charles,Walker,Male,2020-04-05,Haney
11678,Johnny,Chavez,Male,2018-10-10,Cheyenne
11679,Dalton,Richardson,Male,2020-10-13,Puyallup
11680,Kaylee,Nelson,Female,2020-09-01,Redmond
11681,Abigail,Jones,Female,2020-03-07,Spokane
11682,Kaitlyn,Hall,Female,2020-09-05,Tacoma
11683,Greg,Taylor,Male,2018-10-05,El Cajon
11684,Devin,Parker,Male,2020-07-01,Redmond
11685,Jose,Griffin,Male,2020-03-11,Milwaukie
11686,Luke,Edwards,Male,2020-03-08,Glendale
11687,Cody,Torres,Male,2020-04-12,La Jolla
11688,Victoria,Morris,Female,2018-10-02,Sedro Woolley
11689,Ian,Diaz,Male,2020-08-26,Edmonds
11690,Caroline,Butler,Female,2018-10-25,Port Orchard
11691,Kaitlyn,Wilson,Female,2020-02-08,Imperial Beach
11692,Caleb,Gonzales,Male,2020-07-07,Burbank
11693,Hailey,Diaz,Female,2020-01-28,Haney
11694,Jonathon,Ortega,Male,2020-04-11,Colma
11695,Logan,Campbell,Male,2020-04-09,Beverly Hills
11696,Mackenzie,Campbell,Female,2018-10-01,Tacoma
11697,Eduardo,Lee,Male,2020-08-07,Oakland
11698,Jackson,Wright,Male,2020-03-31,Metchosin
11699,Chase,Peterson,Male,2020-05-29,Walla Walla
11700,Xavier,Richardson,Male,2020-02-02,Woodland Hills
11701,David,Hayes,Male,2020-04-24,Novato
11702,Jenny,Zhou,Female,2020-05-17,Burlingame
11703,Kaylee,Baker,Female,2020-02-13,La Jolla
11704,Evan,Hernandez,Male,2020-07-07,Santa Cruz
11705,Brooke,Richardson,Female,2018-10-28,Woodland Hills
11706,Blake,Perez,Male,2020-03-08,Burlingame
11707,Natalie,Cook,Female,2018-10-10,Woodland Hills
11708,Elizabeth,Weisman,Female,2018-10-25,Lincoln Acres
11709,Hailey,Collins,Female,2020-03-11,Victoria
11710,Zoe,Ramirez,Female,2020-11-23,La Jolla
11711,Daniel,Davis,Male,2020-02-07,N. Vancouver
11712,Shelby,Rogers,Female,2020-02-04,Haney
11713,Kyle,Zhang,Male,2020-07-07,Kirkland
11714,Alexandria,Long,Female,2020-02-18,San Diego
11715,Chloe,Robinson,Female,2020-12-26,San Gabriel
11716,Evan,Kelly,Male,2020-05-31,Daly City
11717,Marcus,Jones,Male,2020-05-25,Corvallis
11718,Sarah,Jones,Female,2020-03-06,Oregon City
11719,Blake,Green,Male,2020-04-26,Cliffside
11720,Morgan,Morris,Female,2020-05-17,San Diego
11721,Jennifer,Alexander,Female,2020-06-15,Lincoln Acres
11722,Julian,Hughes,Male,2020-07-30,Bellingham
11723,Luke,Coleman,Male,2020-01-31,Shawnee
11724,Jason,Carter,Male,2020-02-05,Shawnee
11725,Jose,Li,Male,2020-04-01,Burien
11726,Micah,Liang,Male,2020-10-10,Burien
11727,Benjamin,Taylor,Male,2018-10-12,National City
11728,Logan,White,Male,2020-06-11,Woodburn
11729,Caleb,Campbell,Male,2020-07-27,Kirkland
11730,Emma,Torres,Female,2020-05-11,Redmond
11731,Tanya,Gill,Female,2020-03-16,Burlingame
11732,Erick,Sanchez,Male,2020-06-09,Cincinnati
11733,Kristi,Schmidt,Female,2021-01-01,Concord
11734,Omar,Chen,Male,2020-06-21,Coronado
11735,Sydney,Gray,Female,2020-02-24,Lynnwood
11736,Sebastian,Sanchez,Male,2020-10-17,Fremont
11737,Megan,Martin,Female,2020-02-14,Redwood City
11738,Elijah,Alexander,Male,2020-02-02,Oak Bay
11739,Aaron,King,Male,2020-01-13,Shawnee
11740,Jan,Hall,Female,2020-03-07,Vancouver
11741,Tamara,Chander,Female,2018-10-15,Chula Vista
11742,Edward,Lewis,Male,2018-10-03,Redwood City
11743,Chase,Kelly,Male,2018-10-25,Spring Valley
11744,Stephanie,Campbell,Female,2020-04-13,Spring Valley
11745,Allison,Gonzalez,Female,2018-10-10,Walla Walla
11746,Seth,Brooks,Male,2020-01-28,Tacoma
11747,Destiny,Davis,Female,2020-08-07,Edmonds
11748,Blake,Hill,Male,2020-06-07,Victoria
11749,Eduardo,Jackson,Male,2020-04-08,Coffs Harbour
11750,Latoya,She,Female,2018-07-14,Newcastle
11751,Victoria,Gonzales,Female,2018-07-08,Melton
11752,Lauren,Bryant,Female,2020-02-27,Goulburn
11753,Felicia,Ortega,Female,2020-04-19,Coffs Harbour
11754,Janet,Ortega,Female,2018-07-16,Malabar
11755,Willie,Pal,Male,2020-05-31,Hervey Bay
11756,Linda,Ortega,Female,2018-07-28,St. Leonards
11757,Vincent,Cai,Male,2020-02-23,Cranbourne
11758,Colin,Yuan,Male,2020-03-30,Darlinghurst
11759,Dawn,Nath,Female,2018-07-10,Cloverdale
11760,Melody,Moreno,Female,2020-03-31,Findon
11761,Edgar,Mehta,Male,2018-08-05,Hobart
11762,Randall,Gomez,Male,2018-08-07,Wollongong
11763,Ross,Fernandez,Male,2020-01-30,Springwood
11764,Jessie,Ramos,Female,2018-09-09,Newcastle
11765,Marc,Torres,Male,2018-09-12,North Ryde
11766,Candace,Raman,Female,2018-09-19,South Melbourne
11767,Meagan,Madan,Female,2018-09-17,Hawthorne
11768,Clayton,Nara,Male,2018-09-03,Perth
11769,Haley,Hernandez,Female,2020-04-28,Newton
11770,Peter,Nara,Male,2020-08-08,Ballard
11771,Isaac,Rivera,Male,2020-03-31,Marysville
11772,Cameron,Moore,Male,2018-10-08,Tacoma
11773,Gavin,Diaz,Male,2018-10-23,El Cajon
11774,Emma,Sanchez,Female,2018-10-26,National City
11775,Sierra,Roberts,Female,2018-10-03,Palo Alto
11776,Seth,Mitchell,Male,2018-10-05,Santa Cruz
11777,Miranda,Long,Female,2018-10-14,Burlingame
11778,Haley,Henderson,Female,2018-10-27,Sedro Woolley
11779,Sarah,Jackson,Female,2018-10-17,Woodburn
11780,Jessica,Alexander,Female,2018-10-15,Edmonds
11781,Carlos,Gray,Male,2020-03-06,Daly City
11782,Barbara,Jai,Female,2020-08-02,Burbank
11783,Sara,Mitchell,Female,2020-03-23,San Diego
11784,Jose,Turner,Male,2020-04-12,Metchosin
11785,Theodore,Diaz,Male,2020-04-21,Ballard
11786,Ian,Murphy,Male,2020-12-29,Redmond
11787,Jerry,Nath,Male,2020-10-13,Burbank
11788,Destiny,James,Female,2020-05-09,Los Angeles
11789,Bailey,Phillips,Female,2020-03-07,National City
11790,Timothy,Gonzalez,Male,2020-03-11,Chula Vista
11791,Chase,Morgan,Male,2020-09-29,Spokane
11792,Alexia,Perry,Female,2020-05-03,Colma
11793,Xavier,Rogers,Male,2020-02-04,Burbank
11794,Lauren,Ross,Female,2020-11-28,Lakewood
11795,Nicole,Thomas,Female,2020-07-12,Downey
11796,Isabel,Jenkins,Female,2018-10-16,Downey
11797,Devin,Coleman,Male,2018-10-14,Oakland
11798,Brendan,Chande,Male,2018-10-15,Bremerton
11799,Jessie,Wang,Male,2018-10-10,Burien
11800,Jennifer,Baker,Female,2020-08-10,Beaverton
11801,Aaron,Sharma,Male,2020-12-12,Beaverton
11802,Madison,Taylor,Female,2020-02-25,Oak Bay
11803,Jan,Hernandez,Female,2020-07-29,Olympia
11804,Haley,Turner,Female,2020-05-29,Redmond
11805,Richard,Green,Male,2020-04-23,Beverly Hills
11806,Jennifer,Stewart,Female,2020-02-21,Burlingame
11807,Lucas,Baker,Male,2020-04-13,National City
11808,James,Parker,Male,2020-03-26,N. Vancouver
11809,Juan,Gray,Male,2018-10-21,Beverly Hills
11810,Antonio,Washington,Male,2018-10-20,Bremerton
11811,Abigail,Brooks,Female,2018-10-15,Colma
11812,Andrew,Rodriguez,Male,2018-10-03,Walla Walla
11813,Mary,Patterson,Female,2018-10-16,W. Linn
11814,Dalton,Morgan,Male,2020-06-23,Lake Oswego
11815,Hannah,Patterson,Female,2018-10-02,Tacoma
11816,Joe,Torres,Male,2018-10-02,Beverly Hills
11817,Morgan,Miller,Female,2018-10-13,Colma
11818,Daniel,Garcia,Male,2018-10-21,Coronado
11819,Jose,Lal,Male,2020-02-15,Everett
11820,Katelyn,Lopez,Female,2020-02-09,Victoria
11821,Austin,Johnson,Male,2020-07-30,Beverly Hills
11822,Rohinton,Wadia,Female,2020-05-20,Lincoln Acres
11823,Morgan,Turner,Female,2020-05-18,Metchosin
11824,Jill,Martin,Female,2020-03-18,Newton
11825,Aimee,She,Female,2018-10-16,Bellflower
11826,Jessie,Alonso,Female,2018-10-27,Beverly Hills
11827,Sara,Baker,Female,2020-02-20,Newton
11828,Katherine,Martinez,Female,2020-04-03,Milwaukie
11829,Sophia,Campbell,Female,2020-03-13,Seattle
11830,Taylor,Garcia,Female,2018-09-29,Lincoln Acres
11831,Christian,Ross,Male,2018-10-27,San Carlos
11832,Zoe,Murphy,Female,2020-02-18,Walla Walla
11833,Oscar,Price,Male,2020-06-12,Oak Bay
11834,Fernando,Flores,Male,2018-10-22,Mill Valley
11835,Elijah,Russell,Male,2020-01-10,Metchosin
11836,Garrett,Travers,Male,2020-03-24,Everett
11837,Haley,Alexander,Female,2018-10-13,San Francisco
11838,Justin,Rodriguez,Male,2020-05-31,Beaverton
11839,Tyler,Brown,Male,2018-10-26,Santa Monica
11840,Julian,Patterson,Male,2020-04-30,Lincoln Acres
11841,Sean,Nelson,Male,2020-05-20,Langley
11842,Justin,Wilson,Male,2020-05-12,Olympia
11843,Christy,Nara,Female,2020-02-07,Beaverton
11844,Michele,Alvarez,Female,2020-10-05,Chula Vista
11845,Natalie,Jones,Female,2020-02-13,Shawnee
11846,Savannah,Reed,Female,2020-04-28,Long Beach
11847,Cassidy,Diaz,Female,2020-06-28,Portland
11848,Joshua,Lewis,Male,2020-07-27,Yakima
11849,Faith,Reed,Female,2020-11-27,La Jolla
11850,Brooke,Ramirez,Female,2020-04-08,Novato
11851,Jada,Mitchell,Female,2020-06-16,Concord
11852,Kyle,Russell,Male,2020-07-10,Lakewood
11853,Grace,Jones,Female,2020-05-10,Concord
11854,Jason,Mitchell,Male,2018-10-25,West Covina
11855,Christian,Walker,Male,2020-04-27,Burlingame
11856,Seth,Hernandez,Male,2020-11-29,Corvallis
11857,Isabella,Young,Female,2020-10-06,Edmonds
11858,Jordan,Coleman,Male,2020-03-27,San Gabriel
11859,Blake,Garcia,Male,2020-04-22,Olympia
11860,Nicole,Walker,Female,2020-07-03,National City
11861,Katherine,Carter,Female,2020-05-14,Westminster
11862,Olivia,Peterson,Female,2020-05-16,Everett
11863,Jessica,Wood,Female,2020-09-03,Sedro Woolley
11864,Elizabeth,Thompson,Female,2020-03-01,Tacoma
11865,Chloe,Rivera,Female,2020-02-17,National City
11866,Lucas,Scott,Male,2020-02-18,Glendale
11867,Nathaniel,James,Male,2020-06-04,National City
11868,Jessica,Peterson,Female,2020-02-02,Vancouver
11869,Kaitlyn,Adams,Female,2020-03-20,Westminster
11870,Jillian,Garcia,Female,2020-07-20,Burien
11871,Dalton,Bennett,Male,2020-02-23,Lynnwood
11872,Faith,Patterson,Female,2018-10-21,Glendale
11873,Ryan,Zhang,Male,2018-10-07,Spring Valley
11874,Adrian,Bell,Male,2020-07-19,Woodland Hills
11875,Jonathan,Brown,Male,2020-04-20,Langford
11876,Madison,White,Female,2020-06-19,Oakland
11877,Alexis,Diaz,Female,2020-10-05,Newport Beach
11878,Christine,Nara,Female,2020-11-30,Ballard
11879,Edgar,Sai,Male,2020-02-27,Beaverton
11880,Melissa,Sanchez,Female,2020-04-10,Salem
11881,Richard,Mitchell,Male,2020-12-02,Grossmont
11882,Patrick,Stewart,Male,2020-02-17,Seattle
11883,Hannah,Anderson,Female,2020-02-21,Burien
11884,Latoya,Shen,Female,2020-02-17,Ballard
11885,Kurt,Sharma,Male,2018-10-28,Burlingame
11886,Katelyn,Parker,Female,2018-10-28,Santa Monica
11887,Joseph,White,Male,2020-05-28,Coronado
11888,Aaron,Ross,Male,2020-03-18,Cliffside
11889,Blake,Patterson,Male,2020-02-23,Puyallup
11890,Whitney,Lopez,Female,2020-03-29,Berkeley
11891,Jamie,Liang,Female,2020-03-07,Beverly Hills
11892,Julio,Ortega,Male,2018-09-04,Rhodes
11893,Orlando,Carlson,Male,2018-08-31,Sydney
11894,Ann,Gonzalez,Female,2018-09-22,Hervey Bay
11895,Dustin,Chander,Male,2018-09-12,Gold Coast
11896,Frank,Carlson,Male,2018-09-01,Springwood
11897,Orlando,Ashe,Male,2018-08-30,South Melbourne
11898,Angela,Henderson,Female,2018-09-14,Brisbane
11899,Brenda,Perez,Female,2018-09-04,Melton
11900,Byron,Carlson,Male,2018-09-21,Newcastle
11901,Stacy,Alvarez,Female,2018-09-10,Darlinghurst
11902,Drew,Pal,Male,2020-02-21,Malabar
11903,Kate,Raji,Female,2018-09-21,Caloundra
11904,Kaylee,Cook,Female,2018-09-17,Geelong
11905,Isaiah,Ramirez,Male,2018-08-29,Hobart
11906,Gabriella,Sanders,Female,2018-09-10,Brisbane
11907,Sarah,Garcia,Female,2018-09-28,Wollongong
11908,Rafael,Tang,Male,2018-09-19,South Melbourne
11909,Nichole,She,Female,2018-09-20,Rockhampton
11910,Jaclyn,Zheng,Female,2018-10-09,Goulburn
11911,Rachael,Kapoor,Female,2020-06-01,Geelong
11912,Rachael,Sai,Female,2018-10-27,Townsville
11913,Rebecca,Robinson,Female,2020-12-03,Seaford
11914,Meagan,Rana,Female,2018-10-18,Port Macquarie
11915,Philip,Carlson,Male,2018-10-02,Port Macquarie
11916,Joe,Rana,Male,2018-10-01,Warrnambool
11917,Roy,Sanz,Male,2018-10-27,Darlinghurst
11918,Kaylee,Hill,Female,2018-10-13,Coffs Harbour
11919,Warren,Andersen,Male,2018-10-05,Rockhampton
11920,Adrienne,Gomez,Female,2018-10-10,Brisbane
11921,Gilbert,Zhu,Male,2020-09-19,Cranbourne
11922,James,Davis,Male,2020-02-15,Victoria
11923,Sarah,Bryant,Female,2020-02-12,National City
11924,Ian,Long,Male,2018-10-26,Novato
11925,Ashlee,Jai,Female,2018-10-09,Bellingham
11926,Eduardo,Foster,Male,2020-05-04,Oregon City
11927,Nicole,Murphy,Female,2021-01-09,Sedro Woolley
11928,Isabella,Morris,Female,2020-05-31,El Cajon
11929,Virginia,Gonzalez,Female,2018-10-14,St. Leonards
11930,Jaclyn,Nara,Female,2018-10-14,North Sydney
11931,Marcus,Adams,Male,2020-02-16,Palo Alto
11932,Elizabeth,Coleman,Female,2020-04-29,Santa Monica
11933,Mathew,Rubio,Male,2018-10-13,Bellingham
11934,Justin,Shan,Male,2018-11-19,Burien
11935,Jessica,Taylor,Female,2020-06-06,Lebanon
11936,Hunter,Clark,Male,2020-04-05,Redmond
11937,Devin,Perez,Male,2018-10-29,Salem
11938,Seth,Alexander,Male,2020-03-07,Daly City
11939,Kevin,Washington,Male,2018-11-10,Imperial Beach
11940,Tyler,Miller,Male,2020-08-02,Woodland Hills
11941,Adam,Roberts,Male,2020-08-07,Woodburn
11942,George,Gonzalez,Male,2018-10-15,Newcastle
11943,Dawn,Huang,Female,2018-10-18,Warrnambool
11944,Rachael,Rodriguez,Female,2018-10-19,Silverwater
11945,Dennis,Huang,Male,2018-10-29,Concord
11946,Brandy,Saunders,Female,2018-10-21,Sydney
11947,Jenny,Zheng,Female,2018-10-13,Rhodes
11948,Tasha,Xu,Female,2020-09-06,St. Leonards
11949,Julia,Brooks,Female,2020-07-16,Torrance
11950,Jordan,Carter,Female,2020-02-17,Coronado
11951,Lacey,Huang,Female,2020-08-20,Melbourne
11952,Dorothy,Robinson,Male,2018-10-05,Geelong
11953,Courtney,Wright,Female,2020-02-09,Milwaukie
11954,Joseph,Garcia,Male,2018-11-01,Glendale
11955,Gabriel,Green,Male,2018-10-29,Glendale
11956,Alexandria,Sandberg,Female,2018-10-31,Beverly Hills
11957,Courtney,Hernandez,Female,2020-02-12,Redmond
11958,Dylan,Lal,Male,2020-06-16,Bremerton
11959,Elizabeth,Davis,Female,2020-03-23,Lemon Grove
11960,Ana,Griffin,Female,2020-03-25,Redmond
11961,Anne,Alvarez,Female,2020-02-11,Berkeley
11962,Alexandra,Roberts,Female,2020-08-11,Bellflower
11963,Antonio,Patterson,Male,2018-10-22,Coffs Harbour
11964,Sharon,Salavaria,Male,2018-10-14,East Brisbane
11965,Katie,She,Female,2020-02-10,Matraville
11966,Rafael,Black,Male,2020-11-01,Bendigo
11967,Latasha,Munoz,Female,2018-10-23,Hervey Bay
11968,Kelsey,Becker,Female,2018-10-28,Milsons Point
11969,Randy,Xu,Male,2018-10-19,Perth
11970,Bailey,Collins,Female,2020-05-25,W. Linn
11971,Amanda,Adams,Female,2020-04-15,Fremont
11972,Katherine,Williams,Female,2020-11-09,Edmonds
11973,Caroline,Barnes,Female,2020-02-27,Renton
11974,Randy,Sun,Male,2020-10-30,Berkeley
11975,Destiny,Garcia,Female,2020-07-17,Chula Vista
11976,Audrey,Ramos,Female,2018-10-25,North Sydney
11977,Bonnie,Jai,Female,2018-11-01,Newcastle
11978,Jackson,Washington,Male,2020-02-03,Fremont
11979,Christopher,Johnson,Male,2020-02-14,Victoria
11980,Kimberly,Richardson,Female,2020-09-23,Santa Monica
11981,Alexandria,Howard,Female,2020-04-09,Everett
11982,Alexandra,Foster,Female,2020-08-17,San Diego
11983,Cheryl,Ortega,Female,2018-11-08,Bellflower
11984,Alex,Campbell,Male,2020-02-15,Oak Bay
11985,Melanie,Hughes,Female,2020-02-27,Beaverton
11986,Max,Alvarez,Male,2018-11-22,Geelong
11987,Diane,Vazquez,Female,2020-06-17,South Melbourne
11988,Kathryn,Chapman,Female,2018-11-10,Goulburn
11989,Kara,Anand,Female,2018-11-03,Hawthorne
11990,Joanna,Vazquez,Female,2018-11-13,Newcastle
11991,Frederick,Martinez,Male,2018-11-01,Milsons Point
11992,Tonya,Chande,Female,2018-11-17,Brisbane
11993,Rosa,Wang,Female,2018-11-13,Goulburn
11994,Leah,Hu,Female,2018-11-25,Townsville
11995,Kelvin,Carson,Male,2018-11-08,Sunbury
11996,Veronica,Srini,Female,2018-11-04,Caloundra
11997,Kristina,Kapoor,Female,2018-11-05,Coffs Harbour
11998,Donna,Sharma,Female,2018-11-16,Hawthorne
11999,Johnny,Shan,Male,2018-11-10,Newcastle
